"id","title","firstName","lastName","name","partyShort","stateAbbreviation","leadershipRole"
"A000022","Representative","Gary","Ackerman","Gary Ackerman","D","NY",""
"A000055","Representative","Robert","Aderholt","Robert Aderholt","R","AL",""
"A000210","Representative","Robert","Andrews","Robert Andrews","D","NJ",""
"A000358","Representative","Todd","Akin","Todd Akin","R","MO",""
"A000361","Representative","Rodney","Alexander","Rodney Alexander","R","LA",""
"A000362","Representative","Jason","Altmire","Jason Altmire","D","PA",""
"A000365","Representative","Steve","Austria","Steve Austria","R","OH",""
"A000366","Representative","Sandra","Adams","Sandra Adams","R","FL",""
"A000367","Representative","Justin","Amash","Justin Amash","R","MI",""
"A000369","Representative","Mark","Amodei","Mark Amodei","R","NV",""
"B000013","Representative","Spencer","Bachus","Spencer Bachus","R","AL",""
"B000208","Representative","Roscoe","Bartlett","Roscoe Bartlett","R","MD",""
"B000213","Representative","Joe","Barton","Joe Barton","R","TX",""
"B000220","Representative","Charles","Bass","Charles Bass","R","NH",""
"B000287","Representative","Xavier","Becerra","Xavier Becerra","D","CA",""
"B000410","Representative","Howard","Berman","Howard Berman","D","CA",""
"B000461","Representative","Brian","Bilbray","Brian Bilbray","R","CA",""
"B000490","Representative","Sanford","Bishop","Sanford Bishop","D","GA",""
"B000574","Representative","Earl","Blumenauer","Earl Blumenauer","D","OR",""
"B000589","Representative","John","Boehner","John Boehner","R","OH",""
"B000652","Representative","Leonard","Boswell","Leonard Boswell","D","IA",""
"B000755","Representative","Kevin","Brady","Kevin Brady","R","TX",""
"B000911","Representative","Corrine","Brown","Corrine Brown","D","FL",""
"B001149","Representative","Dan","Burton","Dan Burton","R","IN",""
"B001227","Representative","Robert","Brady","Robert Brady","D","PA",""
"B001228","Representative","Mary","Bono Mack","Mary Bono Mack","R","CA",""
"B001230","Representative","Tammy","Baldwin","Tammy Baldwin","D","WI",""
"B001231","Representative","Shelley","Berkley","Shelley Berkley","D","NV",""
"B001232","Representative","Judy","Biggert","Judy Biggert","R","IL",""
"B001234","Representative","Joe","Baca","Joe Baca","D","CA",""
"B001242","Representative","Timothy","Bishop","Timothy Bishop","D","NY",""
"B001243","Representative","Marsha","Blackburn","Marsha Blackburn","R","TN",""
"B001244","Representative","Jo","Bonner","Jo Bonner","R","AL",""
"B001245","Delegate","Madeleine","Bordallo","Madeleine Bordallo","D","GU",""
"B001248","Representative","Michael","Burgess","Michael Burgess","R","TX",""
"B001250","Representative","Rob","Bishop","Rob Bishop","R","UT",""
"B001251","Representative","G.","Butterfield","G. Butterfield","D","NC",""
"B001252","Representative","John","Barrow","John Barrow","D","GA",""
"B001254","Representative","Dan","Boren","Dan Boren","D","OK",""
"B001255","Representative","Charles","Boustany","Charles Boustany","R","LA",""
"B001256","Representative","Michele","Bachmann","Michele Bachmann","R","MN",""
"B001257","Representative","Gus","Bilirakis","Gus Bilirakis","R","FL",""
"B001259","Representative","Bruce","Braley","Bruce Braley","D","IA",""
"B001260","Representative","Vern","Buchanan","Vern Buchanan","R","FL",""
"B001262","Representative","Paul","Broun","Paul Broun","R","GA",""
"B001269","Representative","Lou","Barletta","Lou Barletta","R","PA",""
"B001270","Representative","Karen","Bass","Karen Bass","D","CA",""
"B001271","Representative","Dan","Benishek","Dan Benishek","R","MI",""
"B001272","Representative","Rick","Berg","Rick Berg","R","ND",""
"B001273","Representative","Diane","Black","Diane Black","R","TN",""
"B001274","Representative","Mo","Brooks","Mo Brooks","R","AL",""
"B001275","Representative","Larry","Bucshon","Larry Bucshon","R","IN",""
"B001276","Representative","Ann Marie","Buerkle","Ann Marie Buerkle","R","NY",""
"B001278","Representative","Suzanne","Bonamici","Suzanne Bonamici","D","OR",""
"B001279","Representative","Ron","Barber","Ron Barber","D","AZ",""
"C000059","Representative","Ken","Calvert","Ken Calvert","R","CA",""
"C000071","Representative","Dave","Camp","Dave Camp","R","MI",""
"C000266","Representative","Steven","Chabot","Steven Chabot","R","OH",""
"C000380","Delegate","Donna","Christensen","Donna Christensen","D","VI",""
"C000537","Representative","James","Clyburn","James Clyburn","D","SC",""
"C000556","Representative","Howard","Coble","Howard Coble","R","NC",""
"C000714","Representative","John","Conyers","John Conyers","D","MI",""
"C000754","Representative","Jim","Cooper","Jim Cooper","D","TN",""
"C000794","Representative","Jerry","Costello","Jerry Costello","D","IL",""
"C000984","Representative","Elijah","Cummings","Elijah Cummings","D","MD",""
"C001036","Representative","Lois","Capps","Lois Capps","D","CA",""
"C001037","Representative","Michael","Capuano","Michael Capuano","D","MA",""
"C001038","Representative","Joseph","Crowley","Joseph Crowley","D","NY",""
"C001045","Representative","Ander","Crenshaw","Ander Crenshaw","R","FL",""
"C001046","Representative","Eric","Cantor","Eric Cantor","R","VA",""
"C001047","Representative","Shelley","Capito","Shelley Capito","R","WV",""
"C001048","Representative","John","Culberson","John Culberson","R","TX",""
"C001049","Representative","William","Clay","William Clay","D","MO",""
"C001050","Representative","Dennis","Cardoza","Dennis Cardoza","D","CA",""
"C001051","Representative","John","Carter","John Carter","R","TX",""
"C001053","Representative","Tom","Cole","Tom Cole","R","OK",""
"C001058","Representative","Ben","Chandler","Ben Chandler","D","KY",""
"C001059","Representative","Jim","Costa","Jim Costa","D","CA",""
"C001060","Representative","Russ","Carnahan","Russ Carnahan","D","MO",""
"C001061","Representative","Emanuel","Cleaver","Emanuel Cleaver","D","MO",""
"C001062","Representative","K.","Conaway","K. Conaway","R","TX",""
"C001063","Representative","Henry","Cuellar","Henry Cuellar","D","TX",""
"C001064","Representative","John","Campbell","John Campbell","R","CA",""
"C001066","Representative","Kathy","Castor","Kathy Castor","D","FL",""
"C001067","Representative","Yvette","Clarke","Yvette Clarke","D","NY",""
"C001068","Representative","Steve","Cohen","Steve Cohen","D","TN",""
"C001069","Representative","Joe","Courtney","Joe Courtney","D","CT",""
"C001072","Representative","André","Carson","André Carson","D","IN",""
"C001075","Representative","Bill","Cassidy","Bill Cassidy","R","LA",""
"C001076","Representative","Jason","Chaffetz","Jason Chaffetz","R","UT",""
"C001077","Representative","Mike","Coffman","Mike Coffman","R","CO",""
"C001078","Representative","Gerald","Connolly","Gerald Connolly","D","VA",""
"C001080","Representative","Judy","Chu","Judy Chu","D","CA",""
"C001081","Representative","Mark","Critz","Mark Critz","D","PA",""
"C001082","Representative","Francisco","Canseco","Francisco Canseco","R","TX",""
"C001083","Representative","John","Carney","John Carney","D","DE",""
"C001084","Representative","David","Cicilline","David Cicilline","D","RI",""
"C001085","Representative","Hansen","Clarke","Hansen Clarke","D","MI",""
"C001086","Representative","Chip","Cravaack","Chip Cravaack","R","MN",""
"C001087","Representative","Rick","Crawford","Rick Crawford","R","AR",""
"C001089","Representative","David","Curson","David Curson","D","MI",""
"D000096","Representative","Danny","Davis","Danny Davis","D","IL",""
"D000191","Representative","Peter","DeFazio","Peter DeFazio","D","OR",""
"D000197","Representative","Diana","DeGette","Diana DeGette","D","CO",""
"D000216","Representative","Rosa","DeLauro","Rosa DeLauro","D","CT",""
"D000327","Representative","Norman","Dicks","Norman Dicks","D","WA",""
"D000355","Representative","John","Dingell","John Dingell","D","MI",""
"D000399","Representative","Lloyd","Doggett","Lloyd Doggett","D","TX",""
"D000482","Representative","Mike","Doyle","Mike Doyle","D","PA",""
"D000492","Representative","David","Dreier","David Dreier","R","CA",""
"D000533","Representative","John","Duncan","John Duncan","R","TN",""
"D000598","Representative","Susan","Davis","Susan Davis","D","CA",""
"D000600","Representative","Mario","Diaz-Balart","Mario Diaz-Balart","R","FL",""
"D000603","Representative","Geoff","Davis","Geoff Davis","R","KY",""
"D000604","Representative","Charlie","Dent","Charlie Dent","R","PA",""
"D000607","Representative","Joe","Donnelly","Joe Donnelly","D","IN",""
"D000610","Representative","Ted","Deutch","Ted Deutch","D","FL",""
"D000612","Representative","Jeffrey","Denham","Jeffrey Denham","R","CA",""
"D000613","Representative","Robert","Dold","Robert Dold","R","IL",""
"D000614","Representative","Sean","Duffy","Sean Duffy","R","WI",""
"D000615","Representative","Jeffrey","Duncan","Jeffrey Duncan","R","SC",""
"D000616","Representative","Scott","DesJarlais","Scott DesJarlais","R","TN",""
"D000617","Representative","Suzan","DelBene","Suzan DelBene","D","WA",""
"E000172","Representative","Jo Ann","Emerson","Jo Ann Emerson","R","MO",""
"E000179","Representative","Eliot","Engel","Eliot Engel","D","NY",""
"E000215","Representative","Anna","Eshoo","Anna Eshoo","D","CA",""
"E000288","Representative","Keith","Ellison","Keith Ellison","D","MN",""
"E000290","Representative","Donna","Edwards","Donna Edwards","D","MD",""
"E000291","Representative","Renee","Ellmers","Renee Ellmers","R","NC",""
"F000010","Delegate","Eni","Faleomavaega","Eni Faleomavaega","D","AS",""
"F000030","Representative","Sam","Farr","Sam Farr","D","CA",""
"F000043","Representative","Chaka","Fattah","Chaka Fattah","D","PA",""
"F000116","Representative","Bob","Filner","Bob Filner","D","CA",""
"F000339","Representative","Barney","Frank","Barney Frank","D","MA",""
"F000372","Representative","Rodney","Frelinghuysen","Rodney Frelinghuysen","R","NJ",""
"F000444","Representative","Jeff","Flake","Jeff Flake","R","AZ",""
"F000445","Representative","J.","Forbes","J. Forbes","R","VA",""
"F000448","Representative","Trent","Franks","Trent Franks","R","AZ",""
"F000449","Representative","Jeff","Fortenberry","Jeff Fortenberry","R","NE",""
"F000450","Representative","Virginia","Foxx","Virginia Foxx","R","NC",""
"F000451","Representative","Michael","Fitzpatrick","Michael Fitzpatrick","R","PA",""
"F000455","Representative","Marcia","Fudge","Marcia Fudge","D","OH",""
"F000456","Representative","John","Fleming","John Fleming","R","LA",""
"F000458","Representative","Stephen","Fincher","Stephen Fincher","R","TN",""
"F000459","Representative","Chuck","Fleischmann","Chuck Fleischmann","R","TN",""
"F000460","Representative","Blake","Farenthold","Blake Farenthold","R","TX",""
"F000461","Representative","Bill","Flores","Bill Flores","R","TX",""
"G000021","Representative","Elton","Gallegly","Elton Gallegly","R","CA",""
"G000289","Representative","Robert","Goodlatte","Robert Goodlatte","R","VA",""
"G000377","Representative","Kay","Granger","Kay Granger","R","TX",""
"G000410","Representative","Gene","Green","Gene Green","D","TX",""
"G000535","Representative","Luis","Gutiérrez","Luis Gutiérrez","D","IL",""
"G000544","Representative","Charlie","Gonzalez","Charlie Gonzalez","D","TX",""
"G000546","Representative","Sam","Graves","Sam Graves","R","MO",""
"G000548","Representative","Scott","Garrett","Scott Garrett","R","NJ",""
"G000549","Representative","Jim","Gerlach","Jim Gerlach","R","PA",""
"G000550","Representative","Phil","Gingrey","Phil Gingrey","R","GA",""
"G000551","Representative","Raúl","Grijalva","Raúl Grijalva","D","AZ",""
"G000552","Representative","Louie","Gohmert","Louie Gohmert","R","TX",""
"G000553","Representative","Al","Green","Al Green","D","TX",""
"G000554","Representative","Gabrielle","Giffords","Gabrielle Giffords","D","AZ",""
"G000558","Representative","Brett","Guthrie","Brett Guthrie","R","KY",""
"G000559","Representative","John","Garamendi","John Garamendi","D","CA",""
"G000560","Representative","Tom","Graves","Tom Graves","R","GA",""
"G000562","Representative","Cory","Gardner","Cory Gardner","R","CO",""
"G000563","Representative","Bob","Gibbs","Bob Gibbs","R","OH",""
"G000564","Representative","Chris","Gibson","Chris Gibson","R","NY",""
"G000565","Representative","Paul","Gosar","Paul Gosar","R","AZ",""
"G000566","Representative","Trey","Gowdy","Trey Gowdy","R","SC",""
"G000567","Representative","Tim","Griffin","Tim Griffin","R","AR",""
"G000568","Representative","Morgan","Griffith","Morgan Griffith","R","VA",""
"G000569","Representative","Mike","Grimm","Mike Grimm","R","NY",""
"G000570","Representative","Frank","Guinta","Frank Guinta","R","NH",""
"H000067","Representative","Ralph","Hall","Ralph Hall","R","TX",""
"H000213","Representative","Jane","Harman","Jane Harman","D","CA",""
"H000324","Representative","Alcee","Hastings","Alcee Hastings","D","FL",""
"H000329","Representative","Doc","Hastings","Doc Hastings","R","WA",""
"H000528","Representative","Wally","Herger","Wally Herger","R","CA",""
"H000627","Representative","Maurice","Hinchey","Maurice Hinchey","D","NY",""
"H000636","Representative","Rubén","Hinojosa","Rubén Hinojosa","D","TX",""
"H000712","Representative","Tim","Holden","Tim Holden","D","PA",""
"H000874","Representative","Steny","Hoyer","Steny Hoyer","D","MD",""
"H001032","Representative","Rush","Holt","Rush Holt","D","NJ",""
"H001034","Representative","Michael","Honda","Michael Honda","D","CA",""
"H001036","Representative","Jeb","Hensarling","Jeb Hensarling","R","TX",""
"H001038","Representative","Brian","Higgins","Brian Higgins","D","NY",""
"H001041","Representative","Dean","Heller","Dean Heller","R","NV",""
"H001042","Representative","Mazie","Hirono","Mazie Hirono","D","HI",""
"H001045","Representative","Gregg","Harper","Gregg Harper","R","MS",""
"H001046","Representative","Martin","Heinrich","Martin Heinrich","D","NM",""
"H001047","Representative","Jim","Himes","Jim Himes","D","CT",""
"H001048","Representative","Duncan","Hunter","Duncan Hunter","R","CA",""
"H001050","Representative","Colleen","Hanabusa","Colleen Hanabusa","D","HI",""
"H001051","Representative","Richard","Hanna","Richard Hanna","R","NY",""
"H001052","Representative","Andy","Harris","Andy Harris","R","MD",""
"H001053","Representative","Vicky","Hartzler","Vicky Hartzler","R","MO",""
"H001054","Representative","Nan","Hayworth","Nan Hayworth","R","NY",""
"H001055","Representative","Joe","Heck","Joe Heck","R","NV",""
"H001056","Representative","Jaime","Herrera Beutler","Jaime Herrera Beutler","R","WA",""
"H001057","Representative","Tim","Huelskamp","Tim Huelskamp","R","KS",""
"H001058","Representative","Bill","Huizenga","Bill Huizenga","R","MI",""
"H001059","Representative","Randy","Hultgren","Randy Hultgren","R","IL",""
"H001060","Representative","Robert","Hurt","Robert Hurt","R","VA",""
"H001062","Representative","Kathy","Hochul","Kathy Hochul","D","NY",""
"H001063","Representative","Janice","Hahn","Janice Hahn","D","CA",""
"I000026","Representative","Jay","Inslee","Jay Inslee","D","WA",""
"I000056","Representative","Darrell","Issa","Darrell Issa","R","CA",""
"I000057","Representative","Steve","Israel","Steve Israel","D","NY",""
"J000032","Representative","Sheila","Jackson Lee","Sheila Jackson Lee","D","TX",""
"J000126","Representative","Eddie","Johnson","Eddie Johnson","D","TX",""
"J000174","Representative","Sam","Johnson","Sam Johnson","R","TX",""
"J000255","Representative","Walter","Jones","Walter Jones","R","NC",""
"J000283","Representative","Jesse","Jackson","Jesse Jackson","D","IL",""
"J000285","Representative","Timothy","Johnson","Timothy Johnson","R","IL",""
"J000288","Representative","Hank","Johnson","Hank Johnson","D","GA",""
"J000289","Representative","Jim","Jordan","Jim Jordan","R","OH",""
"J000290","Representative","Lynn","Jenkins","Lynn Jenkins","R","KS",""
"J000292","Representative","Bill","Johnson","Bill Johnson","R","OH",""
"K000009","Representative","Marcy","Kaptur","Marcy Kaptur","D","OH",""
"K000172","Representative","Dale","Kildee","Dale Kildee","D","MI",""
"K000188","Representative","Ron","Kind","Ron Kind","D","WI",""
"K000210","Representative","Peter","King","Peter King","R","NY",""
"K000220","Representative","Jack","Kingston","Jack Kingston","R","GA",""
"K000336","Representative","Dennis","Kucinich","Dennis Kucinich","D","OH",""
"K000362","Representative","Steve","King","Steve King","R","IA",""
"K000363","Representative","John","Kline","John Kline","R","MN",""
"K000369","Representative","Larry","Kissell","Larry Kissell","D","NC",""
"K000375","Representative","Bill","Keating","Bill Keating","D","MA",""
"K000376","Representative","Mike","Kelly","Mike Kelly","R","PA",""
"K000378","Representative","Adam","Kinzinger","Adam Kinzinger","R","IL",""
"L000111","Representative","Tom","Latham","Tom Latham","R","IA",""
"L000263","Representative","Sander","Levin","Sander Levin","D","MI",""
"L000274","Representative","Jerry","Lewis","Jerry Lewis","R","CA",""
"L000287","Representative","John","Lewis","John Lewis","D","GA",""
"L000397","Representative","Zoe","Lofgren","Zoe Lofgren","D","CA",""
"L000480","Representative","Nita","Lowey","Nita Lowey","D","NY",""
"L000491","Representative","Frank","Lucas","Frank Lucas","R","OK",""
"L000517","Representative","Dan","Lungren","Dan Lungren","R","CA",""
"L000551","Representative","Barbara","Lee","Barbara Lee","D","CA",""
"L000553","Representative","Steven","LaTourette","Steven LaTourette","R","OH",""
"L000554","Representative","Frank","LoBiondo","Frank LoBiondo","R","NJ",""
"L000557","Representative","John","Larson","John Larson","D","CT",""
"L000559","Representative","Jim","Langevin","Jim Langevin","D","RI",""
"L000560","Representative","Rick","Larsen","Rick Larsen","D","WA",""
"L000562","Representative","Stephen","Lynch","Stephen Lynch","D","MA",""
"L000563","Representative","Daniel","Lipinski","Daniel Lipinski","D","IL",""
"L000564","Representative","Doug","Lamborn","Doug Lamborn","R","CO",""
"L000565","Representative","Dave","Loebsack","Dave Loebsack","D","IA",""
"L000566","Representative","Robert","Latta","Robert Latta","R","OH",""
"L000567","Representative","Leonard","Lance","Leonard Lance","R","NJ",""
"L000568","Representative","Christopher","Lee","Christopher Lee","R","NY",""
"L000569","Representative","Blaine","Luetkemeyer","Blaine Luetkemeyer","R","MO",""
"L000570","Representative","Ben","Luján","Ben Luján","D","NM",""
"L000571","Representative","Cynthia","Lummis","Cynthia Lummis","R","WY",""
"L000573","Representative","Raúl","Labrador","Raúl Labrador","R","ID",""
"L000574","Representative","Jeff","Landry","Jeff Landry","R","LA",""
"L000575","Representative","James","Lankford","James Lankford","R","OK",""
"L000576","Representative","Billy","Long","Billy Long","R","MO",""
"M000087","Representative","Carolyn","Maloney","Carolyn Maloney","D","NY",""
"M000133","Representative","Edward","Markey","Edward Markey","D","MA",""
"M000309","Representative","Carolyn","McCarthy","Carolyn McCarthy","D","NY",""
"M000312","Representative","Jim","McGovern","Jim McGovern","D","MA",""
"M000404","Representative","Jim","McDermott","Jim McDermott","D","WA",""
"M000485","Representative","Mike","McIntyre","Mike McIntyre","D","NC",""
"M000508","Representative","Howard","McKeon","Howard McKeon","R","CA",""
"M000689","Representative","John","Mica","John Mica","R","FL",""
"M000725","Representative","George","Miller","George Miller","D","CA",""
"M000933","Representative","James","Moran","James Moran","D","VA",""
"M001134","Representative","Sue","Myrick","Sue Myrick","R","NC",""
"M001137","Representative","Gregory","Meeks","Gregory Meeks","D","NY",""
"M001138","Representative","Donald","Manzullo","Donald Manzullo","R","IL",""
"M001139","Representative","Gary","Miller","Gary Miller","R","CA",""
"M001142","Representative","Jim","Matheson","Jim Matheson","D","UT",""
"M001143","Representative","Betty","McCollum","Betty McCollum","D","MN",""
"M001144","Representative","Jeff","Miller","Jeff Miller","R","FL",""
"M001147","Representative","Thaddeus","McCotter","Thaddeus McCotter","R","MI",""
"M001149","Representative","Michael","Michaud","Michael Michaud","D","ME",""
"M001150","Representative","Candice","Miller","Candice Miller","R","MI",""
"M001151","Representative","Tim","Murphy","Tim Murphy","R","PA",""
"M001154","Representative","Brad","Miller","Brad Miller","D","NC",""
"M001155","Representative","Connie","Mack","Connie Mack","R","FL",""
"M001156","Representative","Patrick","McHenry","Patrick McHenry","R","NC",""
"M001157","Representative","Michael","McCaul","Michael McCaul","R","TX",""
"M001158","Representative","Kenny","Marchant","Kenny Marchant","R","TX",""
"M001159","Representative","Cathy","McMorris Rodgers","Cathy McMorris Rodgers","R","WA",""
"M001160","Representative","Gwen","Moore","Gwen Moore","D","WI",""
"M001163","Representative","Doris","Matsui","Doris Matsui","D","CA",""
"M001165","Representative","Kevin","McCarthy","Kevin McCarthy","R","CA",""
"M001166","Representative","Jerry","McNerney","Jerry McNerney","D","CA",""
"M001169","Representative","Christopher","Murphy","Christopher Murphy","D","CT",""
"M001177","Representative","Tom","McClintock","Tom McClintock","R","CA",""
"M001179","Representative","Tom","Marino","Tom Marino","R","PA",""
"M001180","Representative","David","McKinley","David McKinley","R","WV",""
"M001181","Representative","Pat","Meehan","Pat Meehan","R","PA",""
"M001182","Representative","Mick","Mulvaney","Mick Mulvaney","R","SC",""
"M001184","Representative","Thomas","Massie","Thomas Massie","R","KY",""
"N000002","Representative","Jerrold","Nadler","Jerrold Nadler","D","NY",""
"N000015","Representative","Richard","Neal","Richard Neal","D","MA",""
"N000147","Delegate","Eleanor","Norton","Eleanor Norton","D","DC",""
"N000179","Representative","Grace","Napolitano","Grace Napolitano","D","CA",""
"N000181","Representative","Devin","Nunes","Devin Nunes","R","CA",""
"N000182","Representative","Randy","Neugebauer","Randy Neugebauer","R","TX",""
"N000184","Representative","Kristi","Noem","Kristi Noem","R","SD",""
"N000185","Representative","Richard","Nugent","Richard Nugent","R","FL",""
"N000186","Representative","Alan","Nunnelee","Alan Nunnelee","R","MS",""
"O000085","Representative","John","Olver","John Olver","D","MA",""
"O000168","Representative","Pete","Olson","Pete Olson","R","TX",""
"O000169","Representative","Bill","Owens","Bill Owens","D","NY",""
"P000034","Representative","Frank","Pallone","Frank Pallone","D","NJ",""
"P000096","Representative","Bill","Pascrell","Bill Pascrell","D","NJ",""
"P000099","Representative","Ed","Pastor","Ed Pastor","D","AZ",""
"P000149","Representative","Donald","Payne","Donald Payne","D","NJ",""
"P000197","Representative","Nancy","Pelosi","Nancy Pelosi","D","CA","Minority Leader"
"P000258","Representative","Collin","Peterson","Collin Peterson","D","MN",""
"P000265","Representative","Tom","Petri","Tom Petri","R","WI",""
"P000373","Representative","Joe","Pitts","Joe Pitts","R","PA",""
"P000523","Representative","David","Price","David Price","D","NC",""
"P000583","Representative","Ron","Paul","Ron Paul","R","TX",""
"P000585","Representative","Todd","Platts","Todd Platts","R","PA",""
"P000587","Representative","Mike","Pence","Mike Pence","R","IN",""
"P000588","Representative","Steve","Pearce","Steve Pearce","R","NM",""
"P000591","Representative","Tom","Price","Tom Price","R","GA",""
"P000592","Representative","Ted","Poe","Ted Poe","R","TX",""
"P000593","Representative","Ed","Perlmutter","Ed Perlmutter","D","CO",""
"P000594","Representative","Erik","Paulsen","Erik Paulsen","R","MN",""
"P000595","Representative","Gary","Peters","Gary Peters","D","MI",""
"P000596","Resident Commissioner","Pedro","Pierluisi","Pedro Pierluisi","D","PR",""
"P000597","Representative","Chellie","Pingree","Chellie Pingree","D","ME",""
"P000598","Representative","Jared","Polis","Jared Polis","D","CO",""
"P000599","Representative","Bill","Posey","Bill Posey","R","FL",""
"P000601","Representative","Steven","Palazzo","Steven Palazzo","R","MS",""
"P000602","Representative","Mike","Pompeo","Mike Pompeo","R","KS",""
"P000604","Representative","Donald","Payne","Donald Payne","D","NJ",""
"Q000023","Representative","Mike","Quigley","Mike Quigley","D","IL",""
"Q000024","Representative","Ben","Quayle","Ben Quayle","R","AZ",""
"R000011","Representative","Nick","Rahall","Nick Rahall","D","WV",""
"R000053","Representative","Charles","Rangel","Charles Rangel","D","NY",""
"R000170","Representative","Silvestre","Reyes","Silvestre Reyes","D","TX",""
"R000395","Representative","Harold","Rogers","Harold Rogers","R","KY",""
"R000409","Representative","Dana","Rohrabacher","Dana Rohrabacher","R","CA",""
"R000435","Representative","Ileana","Ros-Lehtinen","Ileana Ros-Lehtinen","R","FL",""
"R000462","Representative","Steven","Rothman","Steven Rothman","D","NJ",""
"R000486","Representative","Lucille","Roybal-Allard","Lucille Roybal-Allard","D","CA",""
"R000487","Representative","Edward","Royce","Edward Royce","R","CA",""
"R000515","Representative","Bobby","Rush","Bobby Rush","D","IL",""
"R000570","Representative","Paul","Ryan","Paul Ryan","R","WI",""
"R000571","Representative","Denny","Rehberg","Denny Rehberg","R","MT",""
"R000572","Representative","Mike","Rogers","Mike Rogers","R","MI",""
"R000573","Representative","Mike","Ross","Mike Ross","D","AR",""
"R000575","Representative","Mike","Rogers","Mike Rogers","R","AL",""
"R000576","Representative","C.A. Dutch","Ruppersberger","C.A. Dutch Ruppersberger","D","MD",""
"R000577","Representative","Tim","Ryan","Tim Ryan","D","OH",""
"R000578","Representative","Dave","Reichert","Dave Reichert","R","WA",""
"R000580","Representative","Peter","Roskam","Peter Roskam","R","IL",""
"R000581","Representative","Laura","Richardson","Laura Richardson","D","CA",""
"R000582","Representative","Phil","Roe","Phil Roe","R","TN",""
"R000583","Representative","Tom","Rooney","Tom Rooney","R","FL",""
"R000585","Representative","Tom","Reed","Tom Reed","R","NY",""
"R000586","Representative","Jim","Renacci","Jim Renacci","R","OH",""
"R000587","Representative","Reid","Ribble","Reid Ribble","R","WI",""
"R000588","Representative","Cedric","Richmond","Cedric Richmond","D","LA",""
"R000589","Representative","Scott","Rigell","Scott Rigell","R","VA",""
"R000590","Representative","David","Rivera","David Rivera","R","FL",""
"R000591","Representative","Martha","Roby","Martha Roby","R","AL",""
"R000592","Representative","Todd","Rokita","Todd Rokita","R","IN",""
"R000593","Representative","Dennis","Ross","Dennis Ross","R","FL",""
"R000594","Representative","Jon","Runyan","Jon Runyan","R","NJ",""
"S000030","Representative","Loretta","Sánchez","Loretta Sánchez","D","CA",""
"S000185","Representative","Robert","Scott","Robert Scott","D","VA",""
"S000244","Representative","F.","Sensenbrenner","F. Sensenbrenner","R","WI",""
"S000248","Representative","José","Serrano","José Serrano","D","NY",""
"S000250","Representative","Pete","Sessions","Pete Sessions","R","TX",""
"S000344","Representative","Brad","Sherman","Brad Sherman","D","CA",""
"S000364","Representative","John","Shimkus","John Shimkus","R","IL",""
"S000480","Representative","Louise","Slaughter","Louise Slaughter","D","NY",""
"S000510","Representative","Adam","Smith","Adam Smith","D","WA",""
"S000522","Representative","Christopher","Smith","Christopher Smith","R","NJ",""
"S000583","Representative","Lamar","Smith","Lamar Smith","R","TX",""
"S000810","Representative","Pete","Stark","Pete Stark","D","CA",""
"S000822","Representative","Cliff","Stearns","Cliff Stearns","R","FL",""
"S001145","Representative","Jan","Schakowsky","Jan Schakowsky","D","IL",""
"S001148","Representative","Mike","Simpson","Mike Simpson","R","ID",""
"S001150","Representative","Adam","Schiff","Adam Schiff","D","CA",""
"S001154","Representative","Bill","Shuster","Bill Shuster","R","PA",""
"S001155","Representative","John","Sullivan","John Sullivan","R","OK",""
"S001156","Representative","Linda","Sánchez","Linda Sánchez","D","CA",""
"S001157","Representative","David","Scott","David Scott","D","GA",""
"S001162","Representative","Allyson","Schwartz","Allyson Schwartz","D","PA",""
"S001164","Representative","Jean","Schmidt","Jean Schmidt","R","OH",""
"S001165","Representative","Albio","Sires","Albio Sires","D","NJ",""
"S001168","Representative","John","Sarbanes","John Sarbanes","D","MD",""
"S001171","Representative","Heath","Shuler","Heath Shuler","D","NC",""
"S001172","Representative","Adrian","Smith","Adrian Smith","R","NE",""
"S001174","Representative","Betty","Sutton","Betty Sutton","D","OH",""
"S001175","Representative","Jackie","Speier","Jackie Speier","D","CA",""
"S001176","Representative","Steve","Scalise","Steve Scalise","R","LA",""
"S001177","Delegate","Gregorio","Sablan","Gregorio Sablan","D","MP",""
"S001179","Representative","Aaron","Schock","Aaron Schock","R","IL",""
"S001180","Representative","Kurt","Schrader","Kurt Schrader","D","OR",""
"S001182","Representative","Bobby","Schilling","Bobby Schilling","R","IL",""
"S001183","Representative","David","Schweikert","David Schweikert","R","AZ",""
"S001184","Representative","Tim","Scott","Tim Scott","R","SC",""
"S001185","Representative","Terri","Sewell","Terri Sewell","D","AL",""
"S001186","Representative","Steve","Southerland","Steve Southerland","R","FL",""
"S001187","Representative","Steve","Stivers","Steve Stivers","R","OH",""
"S001188","Representative","Marlin","Stutzman","Marlin Stutzman","R","IN",""
"S001189","Representative","Austin","Scott","Austin Scott","R","GA",""
"T000193","Representative","Bennie","Thompson","Bennie Thompson","D","MS",""
"T000238","Representative","William","Thornberry","William Thornberry","R","TX",""
"T000266","Representative","John","Tierney","John Tierney","D","MA",""
"T000326","Representative","Edolphus","Towns","Edolphus Towns","D","NY",""
"T000459","Representative","Lee","Terry","Lee Terry","R","NE",""
"T000460","Representative","Mike","Thompson","Mike Thompson","D","CA",""
"T000462","Representative","Pat","Tiberi","Pat Tiberi","R","OH",""
"T000463","Representative","Michael","Turner","Michael Turner","R","OH",""
"T000465","Representative","Niki","Tsongas","Niki Tsongas","D","MA",""
"T000467","Representative","Glenn","Thompson","Glenn Thompson","R","PA",""
"T000469","Representative","Paul","Tonko","Paul Tonko","D","NY",""
"T000470","Representative","Scott","Tipton","Scott Tipton","R","CO",""
"T000471","Representative","Bob","Turner","Bob Turner","R","NY",""
"U000031","Representative","Fred","Upton","Fred Upton","R","MI",""
"V000081","Representative","Nydia","Velázquez","Nydia Velázquez","D","NY",""
"V000108","Representative","Peter","Visclosky","Peter Visclosky","D","IN",""
"V000128","Representative","Chris","Van Hollen","Chris Van Hollen","D","MD",""
"W000187","Representative","Maxine","Waters","Maxine Waters","D","CA",""
"W000207","Representative","Melvin","Watt","Melvin Watt","D","NC",""
"W000215","Representative","Henry","Waxman","Henry Waxman","D","CA",""
"W000413","Representative","Edward","Whitfield","Edward Whitfield","R","KY",""
"W000672","Representative","Frank","Wolf","Frank Wolf","R","VA",""
"W000738","Representative","Lynn","Woolsey","Lynn Woolsey","D","CA",""
"W000791","Representative","Greg","Walden","Greg Walden","R","OR",""
"W000792","Representative","Anthony","Weiner","Anthony Weiner","D","NY",""
"W000793","Representative","David","Wu","David Wu","D","OR",""
"W000795","Representative","Joe","Wilson","Joe Wilson","R","SC",""
"W000796","Representative","Lynn","Westmoreland","Lynn Westmoreland","R","GA",""
"W000797","Representative","Debbie","Wasserman Schultz","Debbie Wasserman Schultz","D","FL",""
"W000798","Representative","Tim","Walberg","Tim Walberg","R","MI",""
"W000799","Representative","Tim","Walz","Tim Walz","D","MN",""
"W000800","Representative","Peter","Welch","Peter Welch","D","VT",""
"W000804","Representative","Robert","Wittman","Robert Wittman","R","VA",""
"W000806","Representative","Daniel","Webster","Daniel Webster","R","FL",""
"W000807","Representative","Allen","West","Allen West","R","FL",""
"W000808","Representative","Frederica","Wilson","Frederica Wilson","D","FL",""
"W000809","Representative","Steve","Womack","Steve Womack","R","AR",""
"W000810","Representative","Rob","Woodall","Rob Woodall","R","GA",""
"W000811","Representative","Joe","Walsh","Joe Walsh","R","IL",""
"Y000031","Representative","C. W. Bill","Young","C. W. Bill Young","R","FL",""
"Y000033","Representative","Don","Young","Don Young","R","AK",""
"Y000062","Representative","John","Yarmuth","John Yarmuth","D","KY",""
"Y000063","Representative","Kevin","Yoder","Kevin Yoder","R","KS",""
"Y000064","Representative","Todd","Young","Todd Young","R","IN",""