"id","title","firstName","lastName","name","stateAbbreviation","partyShort","leadershipRole"
"A000022","Representative","Gary","Ackerman","Gary Ackerman","NY","D",""
"A000055","Representative","Robert","Aderholt","Robert Aderholt","AL","R",""
"A000210","Representative","Robert","Andrews","Robert Andrews","NJ","D",""
"A000358","Representative","Todd","Akin","Todd Akin","MO","R",""
"A000361","Representative","Rodney","Alexander","Rodney Alexander","LA","R",""
"A000362","Representative","Jason","Altmire","Jason Altmire","PA","D",""
"A000365","Representative","Steve","Austria","Steve Austria","OH","R",""
"A000366","Representative","Sandra","Adams","Sandra Adams","FL","R",""
"A000367","Representative","Justin","Amash","Justin Amash","MI","R",""
"A000369","Representative","Mark","Amodei","Mark Amodei","NV","R",""
"B000013","Representative","Spencer","Bachus","Spencer Bachus","AL","R",""
"B000208","Representative","Roscoe","Bartlett","Roscoe Bartlett","MD","R",""
"B000213","Representative","Joe","Barton","Joe Barton","TX","R",""
"B000220","Representative","Charles","Bass","Charles Bass","NH","R",""
"B000287","Representative","Xavier","Becerra","Xavier Becerra","CA","D",""
"B000410","Representative","Howard","Berman","Howard Berman","CA","D",""
"B000461","Representative","Brian","Bilbray","Brian Bilbray","CA","R",""
"B000490","Representative","Sanford","Bishop","Sanford Bishop","GA","D",""
"B000574","Representative","Earl","Blumenauer","Earl Blumenauer","OR","D",""
"B000589","Representative","John","Boehner","John Boehner","OH","R",""
"B000652","Representative","Leonard","Boswell","Leonard Boswell","IA","D",""
"B000755","Representative","Kevin","Brady","Kevin Brady","TX","R",""
"B000911","Representative","Corrine","Brown","Corrine Brown","FL","D",""
"B001149","Representative","Dan","Burton","Dan Burton","IN","R",""
"B001227","Representative","Robert","Brady","Robert Brady","PA","D",""
"B001228","Representative","Mary","Bono Mack","Mary Bono Mack","CA","R",""
"B001230","Representative","Tammy","Baldwin","Tammy Baldwin","WI","D",""
"B001231","Representative","Shelley","Berkley","Shelley Berkley","NV","D",""
"B001232","Representative","Judy","Biggert","Judy Biggert","IL","R",""
"B001234","Representative","Joe","Baca","Joe Baca","CA","D",""
"B001242","Representative","Timothy","Bishop","Timothy Bishop","NY","D",""
"B001243","Representative","Marsha","Blackburn","Marsha Blackburn","TN","R",""
"B001244","Representative","Jo","Bonner","Jo Bonner","AL","R",""
"B001245","Delegate","Madeleine","Bordallo","Madeleine Bordallo","GU","D",""
"B001248","Representative","Michael","Burgess","Michael Burgess","TX","R",""
"B001250","Representative","Rob","Bishop","Rob Bishop","UT","R",""
"B001251","Representative","G.","Butterfield","G. Butterfield","NC","D",""
"B001252","Representative","John","Barrow","John Barrow","GA","D",""
"B001254","Representative","Dan","Boren","Dan Boren","OK","D",""
"B001255","Representative","Charles","Boustany","Charles Boustany","LA","R",""
"B001256","Representative","Michele","Bachmann","Michele Bachmann","MN","R",""
"B001257","Representative","Gus","Bilirakis","Gus Bilirakis","FL","R",""
"B001259","Representative","Bruce","Braley","Bruce Braley","IA","D",""
"B001260","Representative","Vern","Buchanan","Vern Buchanan","FL","R",""
"B001262","Representative","Paul","Broun","Paul Broun","GA","R",""
"B001269","Representative","Lou","Barletta","Lou Barletta","PA","R",""
"B001270","Representative","Karen","Bass","Karen Bass","CA","D",""
"B001271","Representative","Dan","Benishek","Dan Benishek","MI","R",""
"B001272","Representative","Rick","Berg","Rick Berg","ND","R",""
"B001273","Representative","Diane","Black","Diane Black","TN","R",""
"B001274","Representative","Mo","Brooks","Mo Brooks","AL","R",""
"B001275","Representative","Larry","Bucshon","Larry Bucshon","IN","R",""
"B001276","Representative","Ann Marie","Buerkle","Ann Marie Buerkle","NY","R",""
"B001278","Representative","Suzanne","Bonamici","Suzanne Bonamici","OR","D",""
"B001279","Representative","Ron","Barber","Ron Barber","AZ","D",""
"C000059","Representative","Ken","Calvert","Ken Calvert","CA","R",""
"C000071","Representative","Dave","Camp","Dave Camp","MI","R",""
"C000266","Representative","Steven","Chabot","Steven Chabot","OH","R",""
"C000380","Delegate","Donna","Christensen","Donna Christensen","VI","D",""
"C000537","Representative","James","Clyburn","James Clyburn","SC","D",""
"C000556","Representative","Howard","Coble","Howard Coble","NC","R",""
"C000714","Representative","John","Conyers","John Conyers","MI","D",""
"C000754","Representative","Jim","Cooper","Jim Cooper","TN","D",""
"C000794","Representative","Jerry","Costello","Jerry Costello","IL","D",""
"C000984","Representative","Elijah","Cummings","Elijah Cummings","MD","D",""
"C001036","Representative","Lois","Capps","Lois Capps","CA","D",""
"C001037","Representative","Michael","Capuano","Michael Capuano","MA","D",""
"C001038","Representative","Joseph","Crowley","Joseph Crowley","NY","D",""
"C001045","Representative","Ander","Crenshaw","Ander Crenshaw","FL","R",""
"C001046","Representative","Eric","Cantor","Eric Cantor","VA","R",""
"C001047","Representative","Shelley","Capito","Shelley Capito","WV","R",""
"C001048","Representative","John","Culberson","John Culberson","TX","R",""
"C001049","Representative","William","Clay","William Clay","MO","D",""
"C001050","Representative","Dennis","Cardoza","Dennis Cardoza","CA","D",""
"C001051","Representative","John","Carter","John Carter","TX","R",""
"C001053","Representative","Tom","Cole","Tom Cole","OK","R",""
"C001058","Representative","Ben","Chandler","Ben Chandler","KY","D",""
"C001059","Representative","Jim","Costa","Jim Costa","CA","D",""
"C001060","Representative","Russ","Carnahan","Russ Carnahan","MO","D",""
"C001061","Representative","Emanuel","Cleaver","Emanuel Cleaver","MO","D",""
"C001062","Representative","K.","Conaway","K. Conaway","TX","R",""
"C001063","Representative","Henry","Cuellar","Henry Cuellar","TX","D",""
"C001064","Representative","John","Campbell","John Campbell","CA","R",""
"C001066","Representative","Kathy","Castor","Kathy Castor","FL","D",""
"C001067","Representative","Yvette","Clarke","Yvette Clarke","NY","D",""
"C001068","Representative","Steve","Cohen","Steve Cohen","TN","D",""
"C001069","Representative","Joe","Courtney","Joe Courtney","CT","D",""
"C001072","Representative","André","Carson","André Carson","IN","D",""
"C001075","Representative","Bill","Cassidy","Bill Cassidy","LA","R",""
"C001076","Representative","Jason","Chaffetz","Jason Chaffetz","UT","R",""
"C001077","Representative","Mike","Coffman","Mike Coffman","CO","R",""
"C001078","Representative","Gerald","Connolly","Gerald Connolly","VA","D",""
"C001080","Representative","Judy","Chu","Judy Chu","CA","D",""
"C001081","Representative","Mark","Critz","Mark Critz","PA","D",""
"C001082","Representative","Francisco","Canseco","Francisco Canseco","TX","R",""
"C001083","Representative","John","Carney","John Carney","DE","D",""
"C001084","Representative","David","Cicilline","David Cicilline","RI","D",""
"C001085","Representative","Hansen","Clarke","Hansen Clarke","MI","D",""
"C001086","Representative","Chip","Cravaack","Chip Cravaack","MN","R",""
"C001087","Representative","Rick","Crawford","Rick Crawford","AR","R",""
"C001089","Representative","David","Curson","David Curson","MI","D",""
"D000096","Representative","Danny","Davis","Danny Davis","IL","D",""
"D000191","Representative","Peter","DeFazio","Peter DeFazio","OR","D",""
"D000197","Representative","Diana","DeGette","Diana DeGette","CO","D",""
"D000216","Representative","Rosa","DeLauro","Rosa DeLauro","CT","D",""
"D000327","Representative","Norman","Dicks","Norman Dicks","WA","D",""
"D000355","Representative","John","Dingell","John Dingell","MI","D",""
"D000399","Representative","Lloyd","Doggett","Lloyd Doggett","TX","D",""
"D000482","Representative","Mike","Doyle","Mike Doyle","PA","D",""
"D000492","Representative","David","Dreier","David Dreier","CA","R",""
"D000533","Representative","John","Duncan","John Duncan","TN","R",""
"D000598","Representative","Susan","Davis","Susan Davis","CA","D",""
"D000600","Representative","Mario","Diaz-Balart","Mario Diaz-Balart","FL","R",""
"D000603","Representative","Geoff","Davis","Geoff Davis","KY","R",""
"D000604","Representative","Charlie","Dent","Charlie Dent","PA","R",""
"D000607","Representative","Joe","Donnelly","Joe Donnelly","IN","D",""
"D000610","Representative","Ted","Deutch","Ted Deutch","FL","D",""
"D000612","Representative","Jeffrey","Denham","Jeffrey Denham","CA","R",""
"D000613","Representative","Robert","Dold","Robert Dold","IL","R",""
"D000614","Representative","Sean","Duffy","Sean Duffy","WI","R",""
"D000615","Representative","Jeffrey","Duncan","Jeffrey Duncan","SC","R",""
"D000616","Representative","Scott","DesJarlais","Scott DesJarlais","TN","R",""
"D000617","Representative","Suzan","DelBene","Suzan DelBene","WA","D",""
"E000172","Representative","Jo Ann","Emerson","Jo Ann Emerson","MO","R",""
"E000179","Representative","Eliot","Engel","Eliot Engel","NY","D",""
"E000215","Representative","Anna","Eshoo","Anna Eshoo","CA","D",""
"E000288","Representative","Keith","Ellison","Keith Ellison","MN","D",""
"E000290","Representative","Donna","Edwards","Donna Edwards","MD","D",""
"E000291","Representative","Renee","Ellmers","Renee Ellmers","NC","R",""
"F000010","Delegate","Eni","Faleomavaega","Eni Faleomavaega","AS","D",""
"F000030","Representative","Sam","Farr","Sam Farr","CA","D",""
"F000043","Representative","Chaka","Fattah","Chaka Fattah","PA","D",""
"F000116","Representative","Bob","Filner","Bob Filner","CA","D",""
"F000339","Representative","Barney","Frank","Barney Frank","MA","D",""
"F000372","Representative","Rodney","Frelinghuysen","Rodney Frelinghuysen","NJ","R",""
"F000444","Representative","Jeff","Flake","Jeff Flake","AZ","R",""
"F000445","Representative","J.","Forbes","J. Forbes","VA","R",""
"F000448","Representative","Trent","Franks","Trent Franks","AZ","R",""
"F000449","Representative","Jeff","Fortenberry","Jeff Fortenberry","NE","R",""
"F000450","Representative","Virginia","Foxx","Virginia Foxx","NC","R",""
"F000451","Representative","Michael","Fitzpatrick","Michael Fitzpatrick","PA","R",""
"F000455","Representative","Marcia","Fudge","Marcia Fudge","OH","D",""
"F000456","Representative","John","Fleming","John Fleming","LA","R",""
"F000458","Representative","Stephen","Fincher","Stephen Fincher","TN","R",""
"F000459","Representative","Chuck","Fleischmann","Chuck Fleischmann","TN","R",""
"F000460","Representative","Blake","Farenthold","Blake Farenthold","TX","R",""
"F000461","Representative","Bill","Flores","Bill Flores","TX","R",""
"G000021","Representative","Elton","Gallegly","Elton Gallegly","CA","R",""
"G000289","Representative","Robert","Goodlatte","Robert Goodlatte","VA","R",""
"G000377","Representative","Kay","Granger","Kay Granger","TX","R",""
"G000410","Representative","Gene","Green","Gene Green","TX","D",""
"G000535","Representative","Luis","Gutiérrez","Luis Gutiérrez","IL","D",""
"G000544","Representative","Charlie","Gonzalez","Charlie Gonzalez","TX","D",""
"G000546","Representative","Sam","Graves","Sam Graves","MO","R",""
"G000548","Representative","Scott","Garrett","Scott Garrett","NJ","R",""
"G000549","Representative","Jim","Gerlach","Jim Gerlach","PA","R",""
"G000550","Representative","Phil","Gingrey","Phil Gingrey","GA","R",""
"G000551","Representative","Raúl","Grijalva","Raúl Grijalva","AZ","D",""
"G000552","Representative","Louie","Gohmert","Louie Gohmert","TX","R",""
"G000553","Representative","Al","Green","Al Green","TX","D",""
"G000554","Representative","Gabrielle","Giffords","Gabrielle Giffords","AZ","D",""
"G000558","Representative","Brett","Guthrie","Brett Guthrie","KY","R",""
"G000559","Representative","John","Garamendi","John Garamendi","CA","D",""
"G000560","Representative","Tom","Graves","Tom Graves","GA","R",""
"G000562","Representative","Cory","Gardner","Cory Gardner","CO","R",""
"G000563","Representative","Bob","Gibbs","Bob Gibbs","OH","R",""
"G000564","Representative","Chris","Gibson","Chris Gibson","NY","R",""
"G000565","Representative","Paul","Gosar","Paul Gosar","AZ","R",""
"G000566","Representative","Trey","Gowdy","Trey Gowdy","SC","R",""
"G000567","Representative","Tim","Griffin","Tim Griffin","AR","R",""
"G000568","Representative","Morgan","Griffith","Morgan Griffith","VA","R",""
"G000569","Representative","Mike","Grimm","Mike Grimm","NY","R",""
"G000570","Representative","Frank","Guinta","Frank Guinta","NH","R",""
"H000067","Representative","Ralph","Hall","Ralph Hall","TX","R",""
"H000213","Representative","Jane","Harman","Jane Harman","CA","D",""
"H000324","Representative","Alcee","Hastings","Alcee Hastings","FL","D",""
"H000329","Representative","Doc","Hastings","Doc Hastings","WA","R",""
"H000528","Representative","Wally","Herger","Wally Herger","CA","R",""
"H000627","Representative","Maurice","Hinchey","Maurice Hinchey","NY","D",""
"H000636","Representative","Rubén","Hinojosa","Rubén Hinojosa","TX","D",""
"H000712","Representative","Tim","Holden","Tim Holden","PA","D",""
"H000874","Representative","Steny","Hoyer","Steny Hoyer","MD","D",""
"H001032","Representative","Rush","Holt","Rush Holt","NJ","D",""
"H001034","Representative","Michael","Honda","Michael Honda","CA","D",""
"H001036","Representative","Jeb","Hensarling","Jeb Hensarling","TX","R",""
"H001038","Representative","Brian","Higgins","Brian Higgins","NY","D",""
"H001041","Representative","Dean","Heller","Dean Heller","NV","R",""
"H001042","Representative","Mazie","Hirono","Mazie Hirono","HI","D",""
"H001045","Representative","Gregg","Harper","Gregg Harper","MS","R",""
"H001046","Representative","Martin","Heinrich","Martin Heinrich","NM","D",""
"H001047","Representative","Jim","Himes","Jim Himes","CT","D",""
"H001048","Representative","Duncan","Hunter","Duncan Hunter","CA","R",""
"H001050","Representative","Colleen","Hanabusa","Colleen Hanabusa","HI","D",""
"H001051","Representative","Richard","Hanna","Richard Hanna","NY","R",""
"H001052","Representative","Andy","Harris","Andy Harris","MD","R",""
"H001053","Representative","Vicky","Hartzler","Vicky Hartzler","MO","R",""
"H001054","Representative","Nan","Hayworth","Nan Hayworth","NY","R",""
"H001055","Representative","Joe","Heck","Joe Heck","NV","R",""
"H001056","Representative","Jaime","Herrera Beutler","Jaime Herrera Beutler","WA","R",""
"H001057","Representative","Tim","Huelskamp","Tim Huelskamp","KS","R",""
"H001058","Representative","Bill","Huizenga","Bill Huizenga","MI","R",""
"H001059","Representative","Randy","Hultgren","Randy Hultgren","IL","R",""
"H001060","Representative","Robert","Hurt","Robert Hurt","VA","R",""
"H001062","Representative","Kathy","Hochul","Kathy Hochul","NY","D",""
"H001063","Representative","Janice","Hahn","Janice Hahn","CA","D",""
"I000026","Representative","Jay","Inslee","Jay Inslee","WA","D",""
"I000056","Representative","Darrell","Issa","Darrell Issa","CA","R",""
"I000057","Representative","Steve","Israel","Steve Israel","NY","D",""
"J000032","Representative","Sheila","Jackson Lee","Sheila Jackson Lee","TX","D",""
"J000126","Representative","Eddie","Johnson","Eddie Johnson","TX","D",""
"J000174","Representative","Sam","Johnson","Sam Johnson","TX","R",""
"J000255","Representative","Walter","Jones","Walter Jones","NC","R",""
"J000283","Representative","Jesse","Jackson","Jesse Jackson","IL","D",""
"J000285","Representative","Timothy","Johnson","Timothy Johnson","IL","R",""
"J000288","Representative","Hank","Johnson","Hank Johnson","GA","D",""
"J000289","Representative","Jim","Jordan","Jim Jordan","OH","R",""
"J000290","Representative","Lynn","Jenkins","Lynn Jenkins","KS","R",""
"J000292","Representative","Bill","Johnson","Bill Johnson","OH","R",""
"K000009","Representative","Marcy","Kaptur","Marcy Kaptur","OH","D",""
"K000172","Representative","Dale","Kildee","Dale Kildee","MI","D",""
"K000188","Representative","Ron","Kind","Ron Kind","WI","D",""
"K000210","Representative","Peter","King","Peter King","NY","R",""
"K000220","Representative","Jack","Kingston","Jack Kingston","GA","R",""
"K000336","Representative","Dennis","Kucinich","Dennis Kucinich","OH","D",""
"K000362","Representative","Steve","King","Steve King","IA","R",""
"K000363","Representative","John","Kline","John Kline","MN","R",""
"K000369","Representative","Larry","Kissell","Larry Kissell","NC","D",""
"K000375","Representative","Bill","Keating","Bill Keating","MA","D",""
"K000376","Representative","Mike","Kelly","Mike Kelly","PA","R",""
"K000378","Representative","Adam","Kinzinger","Adam Kinzinger","IL","R",""
"L000111","Representative","Tom","Latham","Tom Latham","IA","R",""
"L000263","Representative","Sander","Levin","Sander Levin","MI","D",""
"L000274","Representative","Jerry","Lewis","Jerry Lewis","CA","R",""
"L000287","Representative","John","Lewis","John Lewis","GA","D",""
"L000397","Representative","Zoe","Lofgren","Zoe Lofgren","CA","D",""
"L000480","Representative","Nita","Lowey","Nita Lowey","NY","D",""
"L000491","Representative","Frank","Lucas","Frank Lucas","OK","R",""
"L000517","Representative","Dan","Lungren","Dan Lungren","CA","R",""
"L000551","Representative","Barbara","Lee","Barbara Lee","CA","D",""
"L000553","Representative","Steven","LaTourette","Steven LaTourette","OH","R",""
"L000554","Representative","Frank","LoBiondo","Frank LoBiondo","NJ","R",""
"L000557","Representative","John","Larson","John Larson","CT","D",""
"L000559","Representative","Jim","Langevin","Jim Langevin","RI","D",""
"L000560","Representative","Rick","Larsen","Rick Larsen","WA","D",""
"L000562","Representative","Stephen","Lynch","Stephen Lynch","MA","D",""
"L000563","Representative","Daniel","Lipinski","Daniel Lipinski","IL","D",""
"L000564","Representative","Doug","Lamborn","Doug Lamborn","CO","R",""
"L000565","Representative","Dave","Loebsack","Dave Loebsack","IA","D",""
"L000566","Representative","Robert","Latta","Robert Latta","OH","R",""
"L000567","Representative","Leonard","Lance","Leonard Lance","NJ","R",""
"L000568","Representative","Christopher","Lee","Christopher Lee","NY","R",""
"L000569","Representative","Blaine","Luetkemeyer","Blaine Luetkemeyer","MO","R",""
"L000570","Representative","Ben","Luján","Ben Luján","NM","D",""
"L000571","Representative","Cynthia","Lummis","Cynthia Lummis","WY","R",""
"L000573","Representative","Raúl","Labrador","Raúl Labrador","ID","R",""
"L000574","Representative","Jeff","Landry","Jeff Landry","LA","R",""
"L000575","Representative","James","Lankford","James Lankford","OK","R",""
"L000576","Representative","Billy","Long","Billy Long","MO","R",""
"M000087","Representative","Carolyn","Maloney","Carolyn Maloney","NY","D",""
"M000133","Representative","Edward","Markey","Edward Markey","MA","D",""
"M000309","Representative","Carolyn","McCarthy","Carolyn McCarthy","NY","D",""
"M000312","Representative","Jim","McGovern","Jim McGovern","MA","D",""
"M000404","Representative","Jim","McDermott","Jim McDermott","WA","D",""
"M000485","Representative","Mike","McIntyre","Mike McIntyre","NC","D",""
"M000508","Representative","Howard","McKeon","Howard McKeon","CA","R",""
"M000689","Representative","John","Mica","John Mica","FL","R",""
"M000725","Representative","George","Miller","George Miller","CA","D",""
"M000933","Representative","James","Moran","James Moran","VA","D",""
"M001134","Representative","Sue","Myrick","Sue Myrick","NC","R",""
"M001137","Representative","Gregory","Meeks","Gregory Meeks","NY","D",""
"M001138","Representative","Donald","Manzullo","Donald Manzullo","IL","R",""
"M001139","Representative","Gary","Miller","Gary Miller","CA","R",""
"M001142","Representative","Jim","Matheson","Jim Matheson","UT","D",""
"M001143","Representative","Betty","McCollum","Betty McCollum","MN","D",""
"M001144","Representative","Jeff","Miller","Jeff Miller","FL","R",""
"M001147","Representative","Thaddeus","McCotter","Thaddeus McCotter","MI","R",""
"M001149","Representative","Michael","Michaud","Michael Michaud","ME","D",""
"M001150","Representative","Candice","Miller","Candice Miller","MI","R",""
"M001151","Representative","Tim","Murphy","Tim Murphy","PA","R",""
"M001154","Representative","Brad","Miller","Brad Miller","NC","D",""
"M001155","Representative","Connie","Mack","Connie Mack","FL","R",""
"M001156","Representative","Patrick","McHenry","Patrick McHenry","NC","R",""
"M001157","Representative","Michael","McCaul","Michael McCaul","TX","R",""
"M001158","Representative","Kenny","Marchant","Kenny Marchant","TX","R",""
"M001159","Representative","Cathy","McMorris Rodgers","Cathy McMorris Rodgers","WA","R",""
"M001160","Representative","Gwen","Moore","Gwen Moore","WI","D",""
"M001163","Representative","Doris","Matsui","Doris Matsui","CA","D",""
"M001165","Representative","Kevin","McCarthy","Kevin McCarthy","CA","R",""
"M001166","Representative","Jerry","McNerney","Jerry McNerney","CA","D",""
"M001169","Representative","Christopher","Murphy","Christopher Murphy","CT","D",""
"M001177","Representative","Tom","McClintock","Tom McClintock","CA","R",""
"M001179","Representative","Tom","Marino","Tom Marino","PA","R",""
"M001180","Representative","David","McKinley","David McKinley","WV","R",""
"M001181","Representative","Pat","Meehan","Pat Meehan","PA","R",""
"M001182","Representative","Mick","Mulvaney","Mick Mulvaney","SC","R",""
"M001184","Representative","Thomas","Massie","Thomas Massie","KY","R",""
"N000002","Representative","Jerrold","Nadler","Jerrold Nadler","NY","D",""
"N000015","Representative","Richard","Neal","Richard Neal","MA","D",""
"N000147","Delegate","Eleanor","Norton","Eleanor Norton","DC","D",""
"N000179","Representative","Grace","Napolitano","Grace Napolitano","CA","D",""
"N000181","Representative","Devin","Nunes","Devin Nunes","CA","R",""
"N000182","Representative","Randy","Neugebauer","Randy Neugebauer","TX","R",""
"N000184","Representative","Kristi","Noem","Kristi Noem","SD","R",""
"N000185","Representative","Richard","Nugent","Richard Nugent","FL","R",""
"N000186","Representative","Alan","Nunnelee","Alan Nunnelee","MS","R",""
"O000085","Representative","John","Olver","John Olver","MA","D",""
"O000168","Representative","Pete","Olson","Pete Olson","TX","R",""
"O000169","Representative","Bill","Owens","Bill Owens","NY","D",""
"P000034","Representative","Frank","Pallone","Frank Pallone","NJ","D",""
"P000096","Representative","Bill","Pascrell","Bill Pascrell","NJ","D",""
"P000099","Representative","Ed","Pastor","Ed Pastor","AZ","D",""
"P000149","Representative","Donald","Payne","Donald Payne","NJ","D",""
"P000197","Representative","Nancy","Pelosi","Nancy Pelosi","CA","D","Minority Leader"
"P000258","Representative","Collin","Peterson","Collin Peterson","MN","D",""
"P000265","Representative","Tom","Petri","Tom Petri","WI","R",""
"P000373","Representative","Joe","Pitts","Joe Pitts","PA","R",""
"P000523","Representative","David","Price","David Price","NC","D",""
"P000583","Representative","Ron","Paul","Ron Paul","TX","R",""
"P000585","Representative","Todd","Platts","Todd Platts","PA","R",""
"P000587","Representative","Mike","Pence","Mike Pence","IN","R",""
"P000588","Representative","Steve","Pearce","Steve Pearce","NM","R",""
"P000591","Representative","Tom","Price","Tom Price","GA","R",""
"P000592","Representative","Ted","Poe","Ted Poe","TX","R",""
"P000593","Representative","Ed","Perlmutter","Ed Perlmutter","CO","D",""
"P000594","Representative","Erik","Paulsen","Erik Paulsen","MN","R",""
"P000595","Representative","Gary","Peters","Gary Peters","MI","D",""
"P000596","Resident Commissioner","Pedro","Pierluisi","Pedro Pierluisi","PR","D",""
"P000597","Representative","Chellie","Pingree","Chellie Pingree","ME","D",""
"P000598","Representative","Jared","Polis","Jared Polis","CO","D",""
"P000599","Representative","Bill","Posey","Bill Posey","FL","R",""
"P000601","Representative","Steven","Palazzo","Steven Palazzo","MS","R",""
"P000602","Representative","Mike","Pompeo","Mike Pompeo","KS","R",""
"P000604","Representative","Donald","Payne","Donald Payne","NJ","D",""
"Q000023","Representative","Mike","Quigley","Mike Quigley","IL","D",""
"Q000024","Representative","Ben","Quayle","Ben Quayle","AZ","R",""
"R000011","Representative","Nick","Rahall","Nick Rahall","WV","D",""
"R000053","Representative","Charles","Rangel","Charles Rangel","NY","D",""
"R000170","Representative","Silvestre","Reyes","Silvestre Reyes","TX","D",""
"R000395","Representative","Harold","Rogers","Harold Rogers","KY","R",""
"R000409","Representative","Dana","Rohrabacher","Dana Rohrabacher","CA","R",""
"R000435","Representative","Ileana","Ros-Lehtinen","Ileana Ros-Lehtinen","FL","R",""
"R000462","Representative","Steven","Rothman","Steven Rothman","NJ","D",""
"R000486","Representative","Lucille","Roybal-Allard","Lucille Roybal-Allard","CA","D",""
"R000487","Representative","Edward","Royce","Edward Royce","CA","R",""
"R000515","Representative","Bobby","Rush","Bobby Rush","IL","D",""
"R000570","Representative","Paul","Ryan","Paul Ryan","WI","R",""
"R000571","Representative","Denny","Rehberg","Denny Rehberg","MT","R",""
"R000572","Representative","Mike","Rogers","Mike Rogers","MI","R",""
"R000573","Representative","Mike","Ross","Mike Ross","AR","D",""
"R000575","Representative","Mike","Rogers","Mike Rogers","AL","R",""
"R000576","Representative","C.A. Dutch","Ruppersberger","C.A. Dutch Ruppersberger","MD","D",""
"R000577","Representative","Tim","Ryan","Tim Ryan","OH","D",""
"R000578","Representative","Dave","Reichert","Dave Reichert","WA","R",""
"R000580","Representative","Peter","Roskam","Peter Roskam","IL","R",""
"R000581","Representative","Laura","Richardson","Laura Richardson","CA","D",""
"R000582","Representative","Phil","Roe","Phil Roe","TN","R",""
"R000583","Representative","Tom","Rooney","Tom Rooney","FL","R",""
"R000585","Representative","Tom","Reed","Tom Reed","NY","R",""
"R000586","Representative","Jim","Renacci","Jim Renacci","OH","R",""
"R000587","Representative","Reid","Ribble","Reid Ribble","WI","R",""
"R000588","Representative","Cedric","Richmond","Cedric Richmond","LA","D",""
"R000589","Representative","Scott","Rigell","Scott Rigell","VA","R",""
"R000590","Representative","David","Rivera","David Rivera","FL","R",""
"R000591","Representative","Martha","Roby","Martha Roby","AL","R",""
"R000592","Representative","Todd","Rokita","Todd Rokita","IN","R",""
"R000593","Representative","Dennis","Ross","Dennis Ross","FL","R",""
"R000594","Representative","Jon","Runyan","Jon Runyan","NJ","R",""
"S000030","Representative","Loretta","Sánchez","Loretta Sánchez","CA","D",""
"S000185","Representative","Robert","Scott","Robert Scott","VA","D",""
"S000244","Representative","F.","Sensenbrenner","F. Sensenbrenner","WI","R",""
"S000248","Representative","José","Serrano","José Serrano","NY","D",""
"S000250","Representative","Pete","Sessions","Pete Sessions","TX","R",""
"S000344","Representative","Brad","Sherman","Brad Sherman","CA","D",""
"S000364","Representative","John","Shimkus","John Shimkus","IL","R",""
"S000480","Representative","Louise","Slaughter","Louise Slaughter","NY","D",""
"S000510","Representative","Adam","Smith","Adam Smith","WA","D",""
"S000522","Representative","Christopher","Smith","Christopher Smith","NJ","R",""
"S000583","Representative","Lamar","Smith","Lamar Smith","TX","R",""
"S000810","Representative","Pete","Stark","Pete Stark","CA","D",""
"S000822","Representative","Cliff","Stearns","Cliff Stearns","FL","R",""
"S001145","Representative","Jan","Schakowsky","Jan Schakowsky","IL","D",""
"S001148","Representative","Mike","Simpson","Mike Simpson","ID","R",""
"S001150","Representative","Adam","Schiff","Adam Schiff","CA","D",""
"S001154","Representative","Bill","Shuster","Bill Shuster","PA","R",""
"S001155","Representative","John","Sullivan","John Sullivan","OK","R",""
"S001156","Representative","Linda","Sánchez","Linda Sánchez","CA","D",""
"S001157","Representative","David","Scott","David Scott","GA","D",""
"S001162","Representative","Allyson","Schwartz","Allyson Schwartz","PA","D",""
"S001164","Representative","Jean","Schmidt","Jean Schmidt","OH","R",""
"S001165","Representative","Albio","Sires","Albio Sires","NJ","D",""
"S001168","Representative","John","Sarbanes","John Sarbanes","MD","D",""
"S001171","Representative","Heath","Shuler","Heath Shuler","NC","D",""
"S001172","Representative","Adrian","Smith","Adrian Smith","NE","R",""
"S001174","Representative","Betty","Sutton","Betty Sutton","OH","D",""
"S001175","Representative","Jackie","Speier","Jackie Speier","CA","D",""
"S001176","Representative","Steve","Scalise","Steve Scalise","LA","R",""
"S001177","Delegate","Gregorio","Sablan","Gregorio Sablan","MP","D",""
"S001179","Representative","Aaron","Schock","Aaron Schock","IL","R",""
"S001180","Representative","Kurt","Schrader","Kurt Schrader","OR","D",""
"S001182","Representative","Bobby","Schilling","Bobby Schilling","IL","R",""
"S001183","Representative","David","Schweikert","David Schweikert","AZ","R",""
"S001184","Representative","Tim","Scott","Tim Scott","SC","R",""
"S001185","Representative","Terri","Sewell","Terri Sewell","AL","D",""
"S001186","Representative","Steve","Southerland","Steve Southerland","FL","R",""
"S001187","Representative","Steve","Stivers","Steve Stivers","OH","R",""
"S001188","Representative","Marlin","Stutzman","Marlin Stutzman","IN","R",""
"S001189","Representative","Austin","Scott","Austin Scott","GA","R",""
"T000193","Representative","Bennie","Thompson","Bennie Thompson","MS","D",""
"T000238","Representative","William","Thornberry","William Thornberry","TX","R",""
"T000266","Representative","John","Tierney","John Tierney","MA","D",""
"T000326","Representative","Edolphus","Towns","Edolphus Towns","NY","D",""
"T000459","Representative","Lee","Terry","Lee Terry","NE","R",""
"T000460","Representative","Mike","Thompson","Mike Thompson","CA","D",""
"T000462","Representative","Pat","Tiberi","Pat Tiberi","OH","R",""
"T000463","Representative","Michael","Turner","Michael Turner","OH","R",""
"T000465","Representative","Niki","Tsongas","Niki Tsongas","MA","D",""
"T000467","Representative","Glenn","Thompson","Glenn Thompson","PA","R",""
"T000469","Representative","Paul","Tonko","Paul Tonko","NY","D",""
"T000470","Representative","Scott","Tipton","Scott Tipton","CO","R",""
"T000471","Representative","Bob","Turner","Bob Turner","NY","R",""
"U000031","Representative","Fred","Upton","Fred Upton","MI","R",""
"V000081","Representative","Nydia","Velázquez","Nydia Velázquez","NY","D",""
"V000108","Representative","Peter","Visclosky","Peter Visclosky","IN","D",""
"V000128","Representative","Chris","Van Hollen","Chris Van Hollen","MD","D",""
"W000187","Representative","Maxine","Waters","Maxine Waters","CA","D",""
"W000207","Representative","Melvin","Watt","Melvin Watt","NC","D",""
"W000215","Representative","Henry","Waxman","Henry Waxman","CA","D",""
"W000413","Representative","Edward","Whitfield","Edward Whitfield","KY","R",""
"W000672","Representative","Frank","Wolf","Frank Wolf","VA","R",""
"W000738","Representative","Lynn","Woolsey","Lynn Woolsey","CA","D",""
"W000791","Representative","Greg","Walden","Greg Walden","OR","R",""
"W000792","Representative","Anthony","Weiner","Anthony Weiner","NY","D",""
"W000793","Representative","David","Wu","David Wu","OR","D",""
"W000795","Representative","Joe","Wilson","Joe Wilson","SC","R",""
"W000796","Representative","Lynn","Westmoreland","Lynn Westmoreland","GA","R",""
"W000797","Representative","Debbie","Wasserman Schultz","Debbie Wasserman Schultz","FL","D",""
"W000798","Representative","Tim","Walberg","Tim Walberg","MI","R",""
"W000799","Representative","Tim","Walz","Tim Walz","MN","D",""
"W000800","Representative","Peter","Welch","Peter Welch","VT","D",""
"W000804","Representative","Robert","Wittman","Robert Wittman","VA","R",""
"W000806","Representative","Daniel","Webster","Daniel Webster","FL","R",""
"W000807","Representative","Allen","West","Allen West","FL","R",""
"W000808","Representative","Frederica","Wilson","Frederica Wilson","FL","D",""
"W000809","Representative","Steve","Womack","Steve Womack","AR","R",""
"W000810","Representative","Rob","Woodall","Rob Woodall","GA","R",""
"W000811","Representative","Joe","Walsh","Joe Walsh","IL","R",""
"Y000031","Representative","C. W. Bill","Young","C. W. Bill Young","FL","R",""
"Y000033","Representative","Don","Young","Don Young","AK","R",""
"Y000062","Representative","John","Yarmuth","John Yarmuth","KY","D",""
"Y000063","Representative","Kevin","Yoder","Kevin Yoder","KS","R",""
"Y000064","Representative","Todd","Young","Todd Young","IN","R",""